{
    "tpot": {
        "r2_score": 0.7111228346913825,
        "rmse": 0.07655282184380588
    },
    "static": {
        "name": "Random Forest",
        "r2_score": 0.9542135654695253,
        "rmse": 0.030477055781064705
    },
    "total_songs": 2431
}